"0","#| warning: false"
"0",""
"0","lgr::get_logger(""mlr3"")$set_threshold(""warn"")"
"0","options(repr.plot.width=5, repr.plot.height=4)"
"0",""
"0","pacman::p_load(DoubleML, data.table, ggplot2, mlr3, mlr3learners)"
"0",""
"0","set.seed(36895189)"
"0","n_rep = 1000"
"0","n_obs = 500"
"0","n_vars = 20"
"0","alpha = 0.5"
"0",""
"0","data = list()"
"0","for (i_rep in seq_len(n_rep)) {"
"0","    data[[i_rep]] = make_plr_CCDDHNR2018(alpha=alpha, n_obs=n_obs, dim_x=n_vars,"
"0","                                        return_type=""data.frame"")"
"0","}"
"0",""
"0","non_orth_score = function(y, d, l_hat, m_hat, g_hat, smpls) {"
"0","u_hat = y - g_hat"
"0","psi_a = -1*d*d"
"0","psi_b = d*u_hat"
"0","psis = list(psi_a = psi_a, psi_b = psi_b)"
"0","return(psis)"
"0","}"
"0",""
"0","ml_l = lrn(""regr.xgboost"", nrounds = 300, eta = 0.1)"
"0","ml_m = lrn(""regr.xgboost"", nrounds = 300, eta = 0.1)"
"0","ml_g = ml_l$clone()"
"0",""
"0","theta_nonorth = rep(NA, n_rep)"
"0","se_nonorth = rep(NA, n_rep)"
"0",""
"0","for (i_rep in seq_len(n_rep)) {"
"0","    cat(sprintf(""Replication %d/%d"", i_rep, n_rep), ""\r"", sep="""")"
"0","    flush.console()"
"0","    df = data[[i_rep]]"
"0","    obj_dml_data = double_ml_data_from_data_frame(df, y_col = ""y"", d_cols = ""d"")"
"0","    obj_dml_plr_nonorth = DoubleMLPLR$new(obj_dml_data,"
"0","                                        ml_l, ml_m, ml_g,"
"0","                                        n_folds=2,"
"0","                                        score=non_orth_score,"
"0","                                        apply_cross_fitting=FALSE)"
"0","    obj_dml_plr_nonorth$fit()"
"0","    theta_nonorth[i_rep] = obj_dml_plr_nonorth$coef"
"0","    se_nonorth[i_rep] = obj_dml_plr_nonorth$se"
"0","}"
"1","Replication 1/1000"
"1",""
"1",""
"1","Replication 2/1000"
"1",""
"1",""
"1","Replication 3/1000"
"1",""
"1",""
"1","Replication 4/1000"
"1",""
"1",""
"1","Replication 5/1000"
"1",""
"1",""
"1","Replication 6/1000"
"1",""
"1",""
"1","Replication 7/1000"
"1",""
"1",""
"1","Replication 8/1000"
"1",""
"1",""
"1","Replication 9/1000"
"1",""
"1",""
"1","Replication 10/1000"
"1",""
"1",""
"1","Replication 11/1000"
"1",""
"1",""
"1","Replication 12/1000"
"1",""
"1",""
"1","Replication 13/1000"
"1",""
"1",""
"1","Replication 14/1000"
"1",""
"1",""
"1","Replication 15/1000"
"1",""
"1",""
"1","Replication 16/1000"
"1",""
"1",""
"1","Replication 17/1000"
"1",""
"1",""
"1","Replication 18/1000"
"1",""
"1",""
"1","Replication 19/1000"
"1",""
"1",""
"1","Replication 20/1000"
"1",""
"1",""
"1","Replication 21/1000"
"1",""
"1",""
"1","Replication 22/1000"
"1",""
"1",""
"1","Replication 23/1000"
"1",""
"1",""
"1","Replication 24/1000"
"1",""
"1",""
"1","Replication 25/1000"
"1",""
"1",""
"1","Replication 26/1000"
"1",""
"1",""
"1","Replication 27/1000"
"1",""
"1",""
"1","Replication 28/1000"
"1",""
"1",""
"1","Replication 29/1000"
"1",""
"1",""
"1","Replication 30/1000"
"1",""
"1",""
"1","Replication 31/1000"
"1",""
"1",""
"1","Replication 32/1000"
"1",""
"1",""
"1","Replication 33/1000"
"1",""
"1",""
"1","Replication 34/1000"
"1",""
"1",""
"1","Replication 35/1000"
"1",""
"1",""
"1","Replication 36/1000"
"1",""
"1",""
"1","Replication 37/1000"
"1",""
"1",""
"1","Replication 38/1000"
"1",""
"1",""
"1","Replication 39/1000"
"1",""
"1",""
"1","Replication 40/1000"
"1",""
"1",""
"1","Replication 41/1000"
"1",""
"1",""
"1","Replication 42/1000"
"1",""
"1",""
"1","Replication 43/1000"
"1",""
"1",""
"1","Replication 44/1000"
"1",""
"1",""
"1","Replication 45/1000"
"1",""
"1",""
"1","Replication 46/1000"
"1",""
"1",""
"1","Replication 47/1000"
"1",""
"1",""
"1","Replication 48/1000"
"1",""
"1",""
"1","Replication 49/1000"
"1",""
"1",""
"1","Replication 50/1000"
"1",""
"1",""
"1","Replication 51/1000"
"1",""
"1",""
"1","Replication 52/1000"
"1",""
"1",""
"1","Replication 53/1000"
"1",""
"1",""
"1","Replication 54/1000"
"1",""
"1",""
"1","Replication 55/1000"
"1",""
"1",""
"1","Replication 56/1000"
"1",""
"1",""
"1","Replication 57/1000"
"1",""
"1",""
"1","Replication 58/1000"
"1",""
"1",""
"1","Replication 59/1000"
"1",""
"1",""
"1","Replication 60/1000"
"1",""
"1",""
"1","Replication 61/1000"
"1",""
"1",""
"1","Replication 62/1000"
"1",""
"1",""
"1","Replication 63/1000"
"1",""
"1",""
"1","Replication 64/1000"
"1",""
"1",""
"1","Replication 65/1000"
"1",""
"1",""
"1","Replication 66/1000"
"1",""
"1",""
"1","Replication 67/1000"
"1",""
"1",""
"1","Replication 68/1000"
"1",""
"1",""
"1","Replication 69/1000"
"1",""
"1",""
"1","Replication 70/1000"
"1",""
"1",""
"1","Replication 71/1000"
"1",""
"1",""
"1","Replication 72/1000"
"1",""
"1",""
"1","Replication 73/1000"
"1",""
"1",""
"1","Replication 74/1000"
"1",""
"1",""
"1","Replication 75/1000"
"1",""
"1",""
"1","Replication 76/1000"
"1",""
"1",""
"1","Replication 77/1000"
"1",""
"1",""
"1","Replication 78/1000"
"1",""
"1",""
"1","Replication 79/1000"
"1",""
"1",""
"1","Replication 80/1000"
"1",""
"1",""
"1","Replication 81/1000"
"1",""
"1",""
"1","Replication 82/1000"
"1",""
"1",""
"1","Replication 83/1000"
"1",""
"1",""
"1","Replication 84/1000"
"1",""
"1",""
"1","Replication 85/1000"
"1",""
"1",""
"1","Replication 86/1000"
"1",""
"1",""
"1","Replication 87/1000"
"1",""
"1",""
"1","Replication 88/1000"
"1",""
"1",""
"1","Replication 89/1000"
"1",""
"1",""
"1","Replication 90/1000"
"1",""
"1",""
"1","Replication 91/1000"
"1",""
"1",""
"1","Replication 92/1000"
"1",""
"1",""
"1","Replication 93/1000"
"1",""
"1",""
"1","Replication 94/1000"
"1",""
"1",""
"1","Replication 95/1000"
"1",""
"1",""
"1","Replication 96/1000"
"1",""
"1",""
"1","Replication 97/1000"
"1",""
"1",""
"1","Replication 98/1000"
"1",""
"1",""
"1","Replication 99/1000"
"1",""
"1",""
"1","Replication 100/1000"
"1",""
"1",""
"1","Replication 101/1000"
"1",""
"1",""
"1","Replication 102/1000"
"1",""
"1",""
"1","Replication 103/1000"
"1",""
"1",""
"1","Replication 104/1000"
"1",""
"1",""
"1","Replication 105/1000"
"1",""
"1",""
"1","Replication 106/1000"
"1",""
"1",""
"1","Replication 107/1000"
"1",""
"1",""
"1","Replication 108/1000"
"1",""
"1",""
"1","Replication 109/1000"
"1",""
"1",""
"1","Replication 110/1000"
"1",""
"1",""
"1","Replication 111/1000"
"1",""
"1",""
"1","Replication 112/1000"
"1",""
"1",""
"1","Replication 113/1000"
"1",""
"1",""
"1","Replication 114/1000"
"1",""
"1",""
"1","Replication 115/1000"
"1",""
"1",""
"1","Replication 116/1000"
"1",""
"1",""
"1","Replication 117/1000"
"1",""
"1",""
"1","Replication 118/1000"
"1",""
"1",""
"1","Replication 119/1000"
"1",""
"1",""
"1","Replication 120/1000"
"1",""
"1",""
"1","Replication 121/1000"
"1",""
"1",""
"1","Replication 122/1000"
"1",""
"1",""
"1","Replication 123/1000"
"1",""
"1",""
"1","Replication 124/1000"
"1",""
"1",""
"1","Replication 125/1000"
"1",""
"1",""
"1","Replication 126/1000"
"1",""
"1",""
"1","Replication 127/1000"
"1",""
"1",""
"1","Replication 128/1000"
"1",""
"1",""
"1","Replication 129/1000"
"1",""
"1",""
"1","Replication 130/1000"
"1",""
"1",""
"1","Replication 131/1000"
"1",""
"1",""
"1","Replication 132/1000"
"1",""
"1",""
"1","Replication 133/1000"
"1",""
"1",""
"1","Replication 134/1000"
"1",""
"1",""
"1","Replication 135/1000"
"1",""
"1",""
"1","Replication 136/1000"
"1",""
"1",""
"1","Replication 137/1000"
"1",""
"1",""
"1","Replication 138/1000"
"1",""
"1",""
"1","Replication 139/1000"
"1",""
"1",""
"1","Replication 140/1000"
"1",""
"1",""
"1","Replication 141/1000"
"1",""
"1",""
"1","Replication 142/1000"
"1",""
"1",""
"1","Replication 143/1000"
"1",""
"1",""
"1","Replication 144/1000"
"1",""
"1",""
"1","Replication 145/1000"
"1",""
"1",""
"1","Replication 146/1000"
"1",""
"1",""
"1","Replication 147/1000"
"1",""
"1",""
"1","Replication 148/1000"
"1",""
"1",""
"1","Replication 149/1000"
"1",""
"1",""
"1","Replication 150/1000"
"1",""
"1",""
"1","Replication 151/1000"
"1",""
"1",""
"1","Replication 152/1000"
"1",""
"1",""
"1","Replication 153/1000"
"1",""
"1",""
"1","Replication 154/1000"
"1",""
"1",""
"1","Replication 155/1000"
"1",""
"1",""
"1","Replication 156/1000"
"1",""
"1",""
"1","Replication 157/1000"
"1",""
"1",""
"1","Replication 158/1000"
"1",""
"1",""
"1","Replication 159/1000"
"1",""
"1",""
"1","Replication 160/1000"
"1",""
"1",""
"1","Replication 161/1000"
"1",""
"1",""
"1","Replication 162/1000"
"1",""
"1",""
"1","Replication 163/1000"
"1",""
"1",""
"1","Replication 164/1000"
"1",""
"1",""
"1","Replication 165/1000"
"1",""
"1",""
"1","Replication 166/1000"
"1",""
"1",""
"1","Replication 167/1000"
"1",""
"1",""
"1","Replication 168/1000"
"1",""
"1",""
"1","Replication 169/1000"
"1",""
"1",""
"1","Replication 170/1000"
"1",""
"1",""
"1","Replication 171/1000"
"1",""
"1",""
"1","Replication 172/1000"
"1",""
"1",""
"1","Replication 173/1000"
"1",""
"1",""
"1","Replication 174/1000"
"1",""
"1",""
"1","Replication 175/1000"
"1",""
"1",""
"1","Replication 176/1000"
"1",""
"1",""
"1","Replication 177/1000"
"1",""
"1",""
"1","Replication 178/1000"
"1",""
"1",""
"1","Replication 179/1000"
"1",""
"1",""
"1","Replication 180/1000"
"1",""
"1",""
"1","Replication 181/1000"
"1",""
"1",""
"1","Replication 182/1000"
"1",""
"1",""
"1","Replication 183/1000"
"1",""
"1",""
"1","Replication 184/1000"
"1",""
"1",""
"1","Replication 185/1000"
"1",""
"1",""
"1","Replication 186/1000"
"1",""
"1",""
"1","Replication 187/1000"
"1",""
"1",""
"1","Replication 188/1000"
"1",""
"1",""
"1","Replication 189/1000"
"1",""
"1",""
"1","Replication 190/1000"
"1",""
"1",""
"1","Replication 191/1000"
"1",""
"1",""
"1","Replication 192/1000"
"1",""
"1",""
"1","Replication 193/1000"
"1",""
"1",""
"1","Replication 194/1000"
"1",""
"1",""
"1","Replication 195/1000"
"1",""
"1",""
"1","Replication 196/1000"
"1",""
"1",""
"1","Replication 197/1000"
"1",""
"1",""
"1","Replication 198/1000"
"1",""
"1",""
"1","Replication 199/1000"
"1",""
"1",""
"1","Replication 200/1000"
"1",""
"1",""
"1","Replication 201/1000"
"1",""
"1",""
"1","Replication 202/1000"
"1",""
"1",""
"1","Replication 203/1000"
"1",""
"1",""
"1","Replication 204/1000"
"1",""
"1",""
"1","Replication 205/1000"
"1",""
"1",""
"1","Replication 206/1000"
"1",""
"1",""
"1","Replication 207/1000"
"1",""
"1",""
"1","Replication 208/1000"
"1",""
"1",""
"1","Replication 209/1000"
"1",""
"1",""
"1","Replication 210/1000"
"1",""
"1",""
"1","Replication 211/1000"
"1",""
"1",""
"1","Replication 212/1000"
"1",""
"1",""
"1","Replication 213/1000"
"1",""
"1",""
"1","Replication 214/1000"
"1",""
"1",""
"1","Replication 215/1000"
"1",""
"1",""
"1","Replication 216/1000"
"1",""
"1",""
"1","Replication 217/1000"
"1",""
"1",""
"1","Replication 218/1000"
"1",""
"1",""
"1","Replication 219/1000"
"1",""
"1",""
"1","Replication 220/1000"
"1",""
"1",""
"1","Replication 221/1000"
"1",""
"1",""
"1","Replication 222/1000"
"1",""
"1",""
"1","Replication 223/1000"
"1",""
"1",""
"1","Replication 224/1000"
"1",""
"1",""
"1","Replication 225/1000"
"1",""
"1",""
"1","Replication 226/1000"
"1",""
"1",""
"1","Replication 227/1000"
"1",""
"1",""
"1","Replication 228/1000"
"1",""
"1",""
"1","Replication 229/1000"
"1",""
"1",""
"1","Replication 230/1000"
"1",""
"1",""
"1","Replication 231/1000"
"1",""
"1",""
"1","Replication 232/1000"
"1",""
"1",""
"1","Replication 233/1000"
"1",""
"1",""
"1","Replication 234/1000"
"1",""
"1",""
"1","Replication 235/1000"
"1",""
"1",""
"1","Replication 236/1000"
"1",""
"1",""
"1","Replication 237/1000"
"1",""
"1",""
"1","Replication 238/1000"
"1",""
"1",""
"1","Replication 239/1000"
"1",""
"1",""
"1","Replication 240/1000"
"1",""
"1",""
"1","Replication 241/1000"
"1",""
"1",""
"1","Replication 242/1000"
"1",""
"1",""
"1","Replication 243/1000"
"1",""
"1",""
"1","Replication 244/1000"
"1",""
"1",""
"1","Replication 245/1000"
"1",""
"1",""
"1","Replication 246/1000"
"1",""
"1",""
"1","Replication 247/1000"
"1",""
"1",""
"1","Replication 248/1000"
"1",""
"1",""
"1","Replication 249/1000"
"1",""
"1",""
"1","Replication 250/1000"
"1",""
"1",""
"1","Replication 251/1000"
"1",""
"1",""
"1","Replication 252/1000"
"1",""
"1",""
"1","Replication 253/1000"
"1",""
"1",""
"1","Replication 254/1000"
"1",""
"1",""
"1","Replication 255/1000"
"1",""
"1",""
"1","Replication 256/1000"
"1",""
"1",""
"1","Replication 257/1000"
"1",""
"1",""
"1","Replication 258/1000"
"1",""
"1",""
"1","Replication 259/1000"
"1",""
"1",""
"1","Replication 260/1000"
"1",""
"1",""
"1","Replication 261/1000"
"1",""
"1",""
"1","Replication 262/1000"
"1",""
"1",""
"1","Replication 263/1000"
"1",""
"1",""
"1","Replication 264/1000"
"1",""
"1",""
"1","Replication 265/1000"
"1",""
"1",""
"1","Replication 266/1000"
"1",""
"1",""
"1","Replication 267/1000"
"1",""
"1",""
"1","Replication 268/1000"
"1",""
"1",""
"1","Replication 269/1000"
"1",""
"1",""
"1","Replication 270/1000"
"1",""
"1",""
"1","Replication 271/1000"
"1",""
"1",""
"1","Replication 272/1000"
"1",""
"1",""
"1","Replication 273/1000"
"1",""
"1",""
"1","Replication 274/1000"
"1",""
"1",""
"1","Replication 275/1000"
"1",""
"1",""
"1","Replication 276/1000"
"1",""
"1",""
"1","Replication 277/1000"
"1",""
"1",""
"1","Replication 278/1000"
"1",""
"1",""
"1","Replication 279/1000"
"1",""
"1",""
"1","Replication 280/1000"
"1",""
"1",""
"1","Replication 281/1000"
"1",""
"1",""
"1","Replication 282/1000"
"1",""
"1",""
"1","Replication 283/1000"
"1",""
"1",""
"1","Replication 284/1000"
"1",""
"1",""
"1","Replication 285/1000"
"1",""
"1",""
"1","Replication 286/1000"
"1",""
"1",""
"1","Replication 287/1000"
"1",""
"1",""
"1","Replication 288/1000"
"1",""
"1",""
"1","Replication 289/1000"
"1",""
"1",""
"1","Replication 290/1000"
"1",""
"1",""
"1","Replication 291/1000"
"1",""
"1",""
"1","Replication 292/1000"
"1",""
"1",""
"1","Replication 293/1000"
"1",""
"1",""
"1","Replication 294/1000"
"1",""
"1",""
"1","Replication 295/1000"
"1",""
"1",""
"1","Replication 296/1000"
"1",""
"1",""
"1","Replication 297/1000"
"1",""
"1",""
"1","Replication 298/1000"
"1",""
"1",""
"1","Replication 299/1000"
"1",""
"1",""
"1","Replication 300/1000"
"1",""
"1",""
"1","Replication 301/1000"
"1",""
"1",""
"1","Replication 302/1000"
"1",""
"1",""
"1","Replication 303/1000"
"1",""
"1",""
"1","Replication 304/1000"
"1",""
"1",""
"1","Replication 305/1000"
"1",""
"1",""
"1","Replication 306/1000"
"1",""
"1",""
"1","Replication 307/1000"
"1",""
"1",""
"1","Replication 308/1000"
"1",""
"1",""
"1","Replication 309/1000"
"1",""
"1",""
"1","Replication 310/1000"
"1",""
"1",""
"1","Replication 311/1000"
"1",""
"1",""
"1","Replication 312/1000"
"1",""
"1",""
"1","Replication 313/1000"
"1",""
"1",""
"1","Replication 314/1000"
"1",""
"1",""
"1","Replication 315/1000"
"1",""
"1",""
"1","Replication 316/1000"
"1",""
"1",""
"1","Replication 317/1000"
"1",""
"1",""
"1","Replication 318/1000"
"1",""
"1",""
"1","Replication 319/1000"
"1",""
"1",""
"1","Replication 320/1000"
"1",""
"1",""
"1","Replication 321/1000"
"1",""
"1",""
"1","Replication 322/1000"
"1",""
"1",""
"1","Replication 323/1000"
"1",""
"1",""
"1","Replication 324/1000"
"1",""
"1",""
"1","Replication 325/1000"
"1",""
"1",""
"1","Replication 326/1000"
"1",""
"1",""
"1","Replication 327/1000"
"1",""
"1",""
"1","Replication 328/1000"
"1",""
"1",""
"1","Replication 329/1000"
"1",""
"1",""
"1","Replication 330/1000"
"1",""
"1",""
"1","Replication 331/1000"
"1",""
"1",""
"1","Replication 332/1000"
"1",""
"1",""
"1","Replication 333/1000"
"1",""
"1",""
"1","Replication 334/1000"
"1",""
"1",""
"1","Replication 335/1000"
"1",""
"1",""
"1","Replication 336/1000"
"1",""
"1",""
"1","Replication 337/1000"
"1",""
"1",""
"1","Replication 338/1000"
"1",""
"1",""
"1","Replication 339/1000"
"1",""
"1",""
"1","Replication 340/1000"
"1",""
"1",""
"1","Replication 341/1000"
"1",""
"1",""
"1","Replication 342/1000"
"1",""
"1",""
"1","Replication 343/1000"
"1",""
"1",""
"1","Replication 344/1000"
"1",""
"1",""
"1","Replication 345/1000"
"1",""
"1",""
"1","Replication 346/1000"
"1",""
"1",""
"1","Replication 347/1000"
"1",""
"1",""
"1","Replication 348/1000"
"1",""
"1",""
"1","Replication 349/1000"
"1",""
"1",""
"1","Replication 350/1000"
"1",""
"1",""
"1","Replication 351/1000"
"1",""
"1",""
"1","Replication 352/1000"
"1",""
"1",""
"1","Replication 353/1000"
"1",""
"1",""
"1","Replication 354/1000"
"1",""
"1",""
"1","Replication 355/1000"
"1",""
"1",""
"1","Replication 356/1000"
"1",""
"1",""
"1","Replication 357/1000"
"1",""
"1",""
"1","Replication 358/1000"
"1",""
"1",""
"1","Replication 359/1000"
"1",""
"1",""
"1","Replication 360/1000"
"1",""
"1",""
"1","Replication 361/1000"
"1",""
"1",""
"1","Replication 362/1000"
"1",""
"1",""
"1","Replication 363/1000"
"1",""
"1",""
"1","Replication 364/1000"
"1",""
"1",""
"1","Replication 365/1000"
"1",""
"1",""
"1","Replication 366/1000"
"1",""
"1",""
"1","Replication 367/1000"
"1",""
"1",""
"1","Replication 368/1000"
"1",""
"1",""
"1","Replication 369/1000"
"1",""
"1",""
"1","Replication 370/1000"
"1",""
"1",""
"1","Replication 371/1000"
"1",""
"1",""
"1","Replication 372/1000"
"1",""
"1",""
"1","Replication 373/1000"
"1",""
"1",""
"1","Replication 374/1000"
"1",""
"1",""
"1","Replication 375/1000"
"1",""
"1",""
"1","Replication 376/1000"
"1",""
"1",""
"1","Replication 377/1000"
"1",""
"1",""
"1","Replication 378/1000"
"1",""
"1",""
"1","Replication 379/1000"
"1",""
"1",""
"1","Replication 380/1000"
"1",""
"1",""
"1","Replication 381/1000"
"1",""
"1",""
"1","Replication 382/1000"
"1",""
"1",""
"1","Replication 383/1000"
"1",""
"1",""
"1","Replication 384/1000"
"1",""
"1",""
"1","Replication 385/1000"
"1",""
"1",""
"1","Replication 386/1000"
"1",""
"1",""
"1","Replication 387/1000"
"1",""
"1",""
"1","Replication 388/1000"
"1",""
"1",""
"1","Replication 389/1000"
"1",""
"1",""
"1","Replication 390/1000"
"1",""
"1",""
"1","Replication 391/1000"
"1",""
"1",""
"1","Replication 392/1000"
"1",""
"1",""
"1","Replication 393/1000"
"1",""
"1",""
"1","Replication 394/1000"
"1",""
"1",""
"1","Replication 395/1000"
"1",""
"1",""
"1","Replication 396/1000"
"1",""
"1",""
"1","Replication 397/1000"
"1",""
"1",""
"1","Replication 398/1000"
"1",""
"1",""
"1","Replication 399/1000"
"1",""
"1",""
"1","Replication 400/1000"
"1",""
"1",""
"1","Replication 401/1000"
"1",""
"1",""
"1","Replication 402/1000"
"1",""
"1",""
"1","Replication 403/1000"
"1",""
"1",""
"1","Replication 404/1000"
"1",""
"1",""
"1","Replication 405/1000"
"1",""
"1",""
"1","Replication 406/1000"
"1",""
"1",""
"1","Replication 407/1000"
"1",""
"1",""
"1","Replication 408/1000"
"1",""
"1",""
"1","Replication 409/1000"
"1",""
"1",""
"1","Replication 410/1000"
"1",""
"1",""
"1","Replication 411/1000"
"1",""
"1",""
"1","Replication 412/1000"
"1",""
"1",""
"1","Replication 413/1000"
"1",""
"1",""
"1","Replication 414/1000"
"1",""
"1",""
"1","Replication 415/1000"
"1",""
"1",""
"1","Replication 416/1000"
"1",""
"1",""
"1","Replication 417/1000"
"1",""
"1",""
"1","Replication 418/1000"
"1",""
"1",""
"1","Replication 419/1000"
"1",""
"1",""
"1","Replication 420/1000"
"1",""
"1",""
"1","Replication 421/1000"
"1",""
"1",""
"1","Replication 422/1000"
"1",""
"1",""
"1","Replication 423/1000"
"1",""
"1",""
"1","Replication 424/1000"
"1",""
"1",""
"1","Replication 425/1000"
"1",""
"1",""
"1","Replication 426/1000"
"1",""
"1",""
"1","Replication 427/1000"
"1",""
"1",""
"1","Replication 428/1000"
"1",""
"1",""
"1","Replication 429/1000"
"1",""
"1",""
"1","Replication 430/1000"
"1",""
"1",""
"1","Replication 431/1000"
"1",""
"1",""
"1","Replication 432/1000"
"1",""
"1",""
"1","Replication 433/1000"
"1",""
"1",""
"1","Replication 434/1000"
"1",""
"1",""
"1","Replication 435/1000"
"1",""
"1",""
"1","Replication 436/1000"
"1",""
"1",""
"1","Replication 437/1000"
"1",""
"1",""
"1","Replication 438/1000"
"1",""
"1",""
"1","Replication 439/1000"
"1",""
"1",""
"1","Replication 440/1000"
"1",""
"1",""
"1","Replication 441/1000"
"1",""
"1",""
"1","Replication 442/1000"
"1",""
"1",""
"1","Replication 443/1000"
"1",""
"1",""
"1","Replication 444/1000"
"1",""
"1",""
"1","Replication 445/1000"
"1",""
"1",""
"1","Replication 446/1000"
"1",""
"1",""
"1","Replication 447/1000"
"1",""
"1",""
"1","Replication 448/1000"
"1",""
"1",""
"1","Replication 449/1000"
"1",""
"1",""
"1","Replication 450/1000"
"1",""
"1",""
"1","Replication 451/1000"
"1",""
"1",""
"1","Replication 452/1000"
"1",""
"1",""
"1","Replication 453/1000"
"1",""
"1",""
"1","Replication 454/1000"
"1",""
"1",""
"1","Replication 455/1000"
"1",""
"1",""
"1","Replication 456/1000"
"1",""
"1",""
"1","Replication 457/1000"
"1",""
"1",""
"1","Replication 458/1000"
"1",""
"1",""
"1","Replication 459/1000"
"1",""
"1",""
"1","Replication 460/1000"
"1",""
"1",""
"1","Replication 461/1000"
"1",""
"1",""
"1","Replication 462/1000"
"1",""
"1",""
"1","Replication 463/1000"
"1",""
"1",""
"1","Replication 464/1000"
"1",""
"1",""
"1","Replication 465/1000"
"1",""
"1",""
"1","Replication 466/1000"
"1",""
"1",""
"1","Replication 467/1000"
"1",""
"1",""
"1","Replication 468/1000"
"1",""
"1",""
"1","Replication 469/1000"
"1",""
"1",""
"1","Replication 470/1000"
"1",""
"1",""
"1","Replication 471/1000"
"1",""
"1",""
"1","Replication 472/1000"
"1",""
"1",""
"1","Replication 473/1000"
"1",""
"1",""
"1","Replication 474/1000"
"1",""
"1",""
"1","Replication 475/1000"
"1",""
"1",""
"1","Replication 476/1000"
"1",""
"1",""
"1","Replication 477/1000"
"1",""
"1",""
"1","Replication 478/1000"
"1",""
"1",""
"1","Replication 479/1000"
"1",""
"1",""
"1","Replication 480/1000"
"1",""
"1",""
"1","Replication 481/1000"
"1",""
"1",""
"1","Replication 482/1000"
"1",""
"1",""
"1","Replication 483/1000"
"1",""
"1",""
"1","Replication 484/1000"
"1",""
"1",""
"1","Replication 485/1000"
"1",""
"1",""
"1","Replication 486/1000"
"1",""
"1",""
"1","Replication 487/1000"
"1",""
"1",""
"1","Replication 488/1000"
"1",""
"1",""
"1","Replication 489/1000"
"1",""
"1",""
"1","Replication 490/1000"
"1",""
"1",""
"1","Replication 491/1000"
"1",""
"1",""
"1","Replication 492/1000"
"1",""
"1",""
"1","Replication 493/1000"
"1",""
"1",""
"1","Replication 494/1000"
"1",""
"1",""
"1","Replication 495/1000"
"1",""
"1",""
"1","Replication 496/1000"
"1",""
"1",""
"1","Replication 497/1000"
"1",""
"1",""
"1","Replication 498/1000"
"1",""
"1",""
"1","Replication 499/1000"
"1",""
"1",""
"1","Replication 500/1000"
"1",""
"1",""
"1","Replication 501/1000"
"1",""
"1",""
"1","Replication 502/1000"
"1",""
"1",""
"1","Replication 503/1000"
"1",""
"1",""
"1","Replication 504/1000"
"1",""
"1",""
"1","Replication 505/1000"
"1",""
"1",""
"1","Replication 506/1000"
"1",""
"1",""
"1","Replication 507/1000"
"1",""
"1",""
"1","Replication 508/1000"
"1",""
"1",""
"1","Replication 509/1000"
"1",""
"1",""
"1","Replication 510/1000"
"1",""
"1",""
"1","Replication 511/1000"
"1",""
"1",""
"1","Replication 512/1000"
"1",""
"1",""
"1","Replication 513/1000"
"1",""
"1",""
"1","Replication 514/1000"
"1",""
"1",""
"1","Replication 515/1000"
"1",""
"1",""
"1","Replication 516/1000"
"1",""
"1",""
"1","Replication 517/1000"
"1",""
"1",""
"1","Replication 518/1000"
"1",""
"1",""
"1","Replication 519/1000"
"1",""
"1",""
"1","Replication 520/1000"
"1",""
"1",""
"1","Replication 521/1000"
"1",""
"1",""
"1","Replication 522/1000"
"1",""
"1",""
"1","Replication 523/1000"
"1",""
"1",""
"1","Replication 524/1000"
"1",""
"1",""
"1","Replication 525/1000"
"1",""
"1",""
"1","Replication 526/1000"
"1",""
"1",""
"1","Replication 527/1000"
"1",""
"1",""
"1","Replication 528/1000"
"1",""
"1",""
"1","Replication 529/1000"
"1",""
"1",""
"1","Replication 530/1000"
"1",""
"1",""
"1","Replication 531/1000"
"1",""
"1",""
"1","Replication 532/1000"
"1",""
"1",""
"1","Replication 533/1000"
"1",""
"1",""
"1","Replication 534/1000"
"1",""
"1",""
"1","Replication 535/1000"
"1",""
"1",""
"1","Replication 536/1000"
"1",""
"1",""
"1","Replication 537/1000"
"1",""
"1",""
"1","Replication 538/1000"
"1",""
"1",""
"1","Replication 539/1000"
"1",""
"1",""
"1","Replication 540/1000"
"1",""
"1",""
"1","Replication 541/1000"
"1",""
"1",""
"1","Replication 542/1000"
"1",""
"1",""
"1","Replication 543/1000"
"1",""
"1",""
"1","Replication 544/1000"
"1",""
"1",""
"1","Replication 545/1000"
"1",""
"1",""
"1","Replication 546/1000"
"1",""
"1",""
"1","Replication 547/1000"
"1",""
"1",""
"1","Replication 548/1000"
"1",""
"1",""
"1","Replication 549/1000"
"1",""
"1",""
"1","Replication 550/1000"
"1",""
"1",""
"1","Replication 551/1000"
"1",""
"1",""
"1","Replication 552/1000"
"1",""
"1",""
"1","Replication 553/1000"
"1",""
"1",""
"1","Replication 554/1000"
"1",""
"1",""
"1","Replication 555/1000"
"1",""
"1",""
"1","Replication 556/1000"
"1",""
"1",""
"1","Replication 557/1000"
"1",""
"1",""
"1","Replication 558/1000"
"1",""
"1",""
"1","Replication 559/1000"
"1",""
"1",""
"1","Replication 560/1000"
"1",""
"1",""
"1","Replication 561/1000"
"1",""
"1",""
"1","Replication 562/1000"
"1",""
"1",""
"1","Replication 563/1000"
"1",""
"1",""
"1","Replication 564/1000"
"1",""
"1",""
"1","Replication 565/1000"
"1",""
"1",""
"1","Replication 566/1000"
"1",""
"1",""
"1","Replication 567/1000"
"1",""
"1",""
"1","Replication 568/1000"
"1",""
"1",""
"1","Replication 569/1000"
"1",""
"1",""
"1","Replication 570/1000"
"1",""
"1",""
"1","Replication 571/1000"
"1",""
"1",""
"1","Replication 572/1000"
"1",""
"1",""
"1","Replication 573/1000"
"1",""
"1",""
"1","Replication 574/1000"
"1",""
"1",""
"1","Replication 575/1000"
"1",""
"1",""
"1","Replication 576/1000"
"1",""
"1",""
"1","Replication 577/1000"
"1",""
"1",""
"1","Replication 578/1000"
"1",""
"1",""
"1","Replication 579/1000"
"1",""
"1",""
"1","Replication 580/1000"
"1",""
"1",""
"1","Replication 581/1000"
"1",""
"1",""
"1","Replication 582/1000"
"1",""
"1",""
"1","Replication 583/1000"
"1",""
"1",""
"1","Replication 584/1000"
"1",""
"1",""
"1","Replication 585/1000"
"1",""
"1",""
"1","Replication 586/1000"
"1",""
"1",""
"1","Replication 587/1000"
"1",""
"1",""
"1","Replication 588/1000"
"1",""
"1",""
"1","Replication 589/1000"
"1",""
"1",""
"1","Replication 590/1000"
"1",""
"1",""
"1","Replication 591/1000"
"1",""
"1",""
"1","Replication 592/1000"
"1",""
"1",""
"1","Replication 593/1000"
"1",""
"1",""
"1","Replication 594/1000"
"1",""
"1",""
"1","Replication 595/1000"
"1",""
"1",""
"1","Replication 596/1000"
"1",""
"1",""
"1","Replication 597/1000"
"1",""
"1",""
"1","Replication 598/1000"
"1",""
"1",""
"1","Replication 599/1000"
"1",""
"1",""
"1","Replication 600/1000"
"1",""
"1",""
"1","Replication 601/1000"
"1",""
"1",""
"1","Replication 602/1000"
"1",""
"1",""
"1","Replication 603/1000"
"1",""
"1",""
"1","Replication 604/1000"
"1",""
"1",""
"1","Replication 605/1000"
"1",""
"1",""
"1","Replication 606/1000"
"1",""
"1",""
"1","Replication 607/1000"
"1",""
"1",""
"1","Replication 608/1000"
"1",""
"1",""
"1","Replication 609/1000"
"1",""
"1",""
"1","Replication 610/1000"
"1",""
"1",""
"1","Replication 611/1000"
"1",""
"1",""
"1","Replication 612/1000"
"1",""
"1",""
"1","Replication 613/1000"
"1",""
"1",""
"1","Replication 614/1000"
"1",""
"1",""
"1","Replication 615/1000"
"1",""
"1",""
"1","Replication 616/1000"
"1",""
"1",""
"1","Replication 617/1000"
"1",""
"1",""
"1","Replication 618/1000"
"1",""
"1",""
"1","Replication 619/1000"
"1",""
"1",""
"1","Replication 620/1000"
"1",""
"1",""
"1","Replication 621/1000"
"1",""
"1",""
"1","Replication 622/1000"
"1",""
"1",""
"1","Replication 623/1000"
"1",""
"1",""
"1","Replication 624/1000"
"1",""
"1",""
"1","Replication 625/1000"
"1",""
"1",""
"1","Replication 626/1000"
"1",""
"1",""
"1","Replication 627/1000"
"1",""
"1",""
"1","Replication 628/1000"
"1",""
"1",""
"1","Replication 629/1000"
"1",""
"1",""
"1","Replication 630/1000"
"1",""
"1",""
"1","Replication 631/1000"
"1",""
"1",""
"1","Replication 632/1000"
"1",""
"1",""
"1","Replication 633/1000"
"1",""
"1",""
"1","Replication 634/1000"
"1",""
"1",""
"1","Replication 635/1000"
"1",""
"1",""
"1","Replication 636/1000"
"1",""
"1",""
"1","Replication 637/1000"
"1",""
"1",""
"1","Replication 638/1000"
"1",""
"1",""
"1","Replication 639/1000"
"1",""
"1",""
"1","Replication 640/1000"
"1",""
"1",""
"1","Replication 641/1000"
"1",""
"1",""
"1","Replication 642/1000"
"1",""
"1",""
"1","Replication 643/1000"
"1",""
"1",""
"1","Replication 644/1000"
"1",""
"1",""
"1","Replication 645/1000"
"1",""
"1",""
"1","Replication 646/1000"
"1",""
"1",""
"1","Replication 647/1000"
"1",""
"1",""
"1","Replication 648/1000"
"1",""
"1",""
"1","Replication 649/1000"
"1",""
"1",""
"1","Replication 650/1000"
"1",""
"1",""
"1","Replication 651/1000"
"1",""
"1",""
"1","Replication 652/1000"
"1",""
"1",""
"1","Replication 653/1000"
"1",""
"1",""
"1","Replication 654/1000"
"1",""
"1",""
"1","Replication 655/1000"
"1",""
"1",""
"1","Replication 656/1000"
"1",""
"1",""
"1","Replication 657/1000"
"1",""
"1",""
"1","Replication 658/1000"
"1",""
"1",""
"1","Replication 659/1000"
"1",""
"1",""
"1","Replication 660/1000"
"1",""
"1",""
"1","Replication 661/1000"
"1",""
"1",""
"1","Replication 662/1000"
"1",""
"1",""
"1","Replication 663/1000"
"1",""
"1",""
"1","Replication 664/1000"
"1",""
"1",""
"1","Replication 665/1000"
"1",""
"1",""
"1","Replication 666/1000"
"1",""
"1",""
"1","Replication 667/1000"
"1",""
"1",""
"1","Replication 668/1000"
"1",""
"1",""
"1","Replication 669/1000"
"1",""
"1",""
"1","Replication 670/1000"
"1",""
"1",""
"1","Replication 671/1000"
"1",""
"1",""
"1","Replication 672/1000"
"1",""
"1",""
"1","Replication 673/1000"
"1",""
"1",""
"1","Replication 674/1000"
"1",""
"1",""
"1","Replication 675/1000"
"1",""
"1",""
"1","Replication 676/1000"
"1",""
"1",""
"1","Replication 677/1000"
"1",""
"1",""
"1","Replication 678/1000"
"1",""
"1",""
"1","Replication 679/1000"
"1",""
"1",""
"1","Replication 680/1000"
"1",""
"1",""
"1","Replication 681/1000"
"1",""
"1",""
"1","Replication 682/1000"
"1",""
"1",""
"1","Replication 683/1000"
"1",""
"1",""
"1","Replication 684/1000"
"1",""
"1",""
"1","Replication 685/1000"
"1",""
"1",""
"1","Replication 686/1000"
"1",""
"1",""
"1","Replication 687/1000"
"1",""
"1",""
"1","Replication 688/1000"
"1",""
"1",""
"1","Replication 689/1000"
"1",""
"1",""
"1","Replication 690/1000"
"1",""
"1",""
"1","Replication 691/1000"
"1",""
"1",""
"1","Replication 692/1000"
"1",""
"1",""
"1","Replication 693/1000"
"1",""
"1",""
"1","Replication 694/1000"
"1",""
"1",""
"1","Replication 695/1000"
"1",""
"1",""
"1","Replication 696/1000"
"1",""
"1",""
"1","Replication 697/1000"
"1",""
"1",""
"1","Replication 698/1000"
"1",""
"1",""
"1","Replication 699/1000"
"1",""
"1",""
"1","Replication 700/1000"
"1",""
"1",""
"1","Replication 701/1000"
"1",""
"1",""
"1","Replication 702/1000"
"1",""
"1",""
"1","Replication 703/1000"
"1",""
"1",""
"1","Replication 704/1000"
"1",""
"1",""
"1","Replication 705/1000"
"1",""
"1",""
"1","Replication 706/1000"
"1",""
"1",""
"1","Replication 707/1000"
"1",""
"1",""
"1","Replication 708/1000"
"1",""
"1",""
"1","Replication 709/1000"
"1",""
"1",""
"1","Replication 710/1000"
"1",""
"1",""
"1","Replication 711/1000"
"1",""
"1",""
"1","Replication 712/1000"
"1",""
"1",""
"1","Replication 713/1000"
"1",""
"1",""
"1","Replication 714/1000"
"1",""
"1",""
"1","Replication 715/1000"
"1",""
"1",""
"1","Replication 716/1000"
"1",""
"1",""
"1","Replication 717/1000"
"1",""
"1",""
"1","Replication 718/1000"
"1",""
"1",""
"1","Replication 719/1000"
"1",""
"1",""
"1","Replication 720/1000"
"1",""
"1",""
"1","Replication 721/1000"
"1",""
"1",""
"1","Replication 722/1000"
"1",""
"1",""
"1","Replication 723/1000"
"1",""
"1",""
"1","Replication 724/1000"
"1",""
"1",""
"1","Replication 725/1000"
"1",""
"1",""
"1","Replication 726/1000"
"1",""
"1",""
"1","Replication 727/1000"
"1",""
"1",""
"1","Replication 728/1000"
"1",""
"1",""
"1","Replication 729/1000"
"1",""
"1",""
"1","Replication 730/1000"
"1",""
"1",""
"1","Replication 731/1000"
"1",""
"1",""
"1","Replication 732/1000"
"1",""
"1",""
"1","Replication 733/1000"
"1",""
"1",""
"1","Replication 734/1000"
"1",""
"1",""
"1","Replication 735/1000"
"1",""
"1",""
"1","Replication 736/1000"
"1",""
"1",""
"1","Replication 737/1000"
"1",""
"1",""
"1","Replication 738/1000"
"1",""
"1",""
"1","Replication 739/1000"
"1",""
"1",""
"1","Replication 740/1000"
"1",""
"1",""
"1","Replication 741/1000"
"1",""
"1",""
"1","Replication 742/1000"
"1",""
"1",""
"1","Replication 743/1000"
"1",""
"1",""
"1","Replication 744/1000"
"1",""
"1",""
"1","Replication 745/1000"
"1",""
"1",""
"1","Replication 746/1000"
"1",""
"1",""
"1","Replication 747/1000"
"1",""
"1",""
"1","Replication 748/1000"
"1",""
"1",""
"1","Replication 749/1000"
"1",""
"1",""
"1","Replication 750/1000"
"1",""
"1",""
"1","Replication 751/1000"
"1",""
"1",""
"1","Replication 752/1000"
"1",""
"1",""
"1","Replication 753/1000"
"1",""
"1",""
"1","Replication 754/1000"
"1",""
"1",""
"1","Replication 755/1000"
"1",""
"1",""
"1","Replication 756/1000"
"1",""
"1",""
"1","Replication 757/1000"
"1",""
"1",""
"1","Replication 758/1000"
"1",""
"1",""
"1","Replication 759/1000"
"1",""
"1",""
"1","Replication 760/1000"
"1",""
"1",""
"1","Replication 761/1000"
"1",""
"1",""
"1","Replication 762/1000"
"1",""
"1",""
"1","Replication 763/1000"
"1",""
"1",""
"1","Replication 764/1000"
"1",""
"1",""
"1","Replication 765/1000"
"1",""
"1",""
"1","Replication 766/1000"
"1",""
"1",""
"1","Replication 767/1000"
"1",""
"1",""
"1","Replication 768/1000"
"1",""
"1",""
"1","Replication 769/1000"
"1",""
"1",""
"1","Replication 770/1000"
"1",""
"1",""
"1","Replication 771/1000"
"1",""
"1",""
"1","Replication 772/1000"
"1",""
"1",""
"1","Replication 773/1000"
"1",""
"1",""
"1","Replication 774/1000"
"1",""
"1",""
"1","Replication 775/1000"
"1",""
"1",""
"1","Replication 776/1000"
"1",""
"1",""
"1","Replication 777/1000"
"1",""
"1",""
"1","Replication 778/1000"
"1",""
"1",""
"1","Replication 779/1000"
"1",""
"1",""
"1","Replication 780/1000"
"1",""
"1",""
"1","Replication 781/1000"
"1",""
"1",""
"1","Replication 782/1000"
"1",""
"1",""
"1","Replication 783/1000"
"1",""
"1",""
"1","Replication 784/1000"
"1",""
"1",""
"1","Replication 785/1000"
"1",""
"1",""
"1","Replication 786/1000"
"1",""
"1",""
"1","Replication 787/1000"
"1",""
"1",""
"1","Replication 788/1000"
"1",""
"1",""
"1","Replication 789/1000"
"1",""
"1",""
"1","Replication 790/1000"
"1",""
"1",""
"1","Replication 791/1000"
"1",""
"1",""
"1","Replication 792/1000"
"1",""
"1",""
"1","Replication 793/1000"
"1",""
"1",""
"1","Replication 794/1000"
"1",""
"1",""
"1","Replication 795/1000"
"1",""
"1",""
"1","Replication 796/1000"
"1",""
"1",""
"1","Replication 797/1000"
"1",""
"1",""
"1","Replication 798/1000"
"1",""
"1",""
"1","Replication 799/1000"
"1",""
"1",""
"1","Replication 800/1000"
"1",""
"1",""
"1","Replication 801/1000"
"1",""
"1",""
"1","Replication 802/1000"
"1",""
"1",""
"1","Replication 803/1000"
"1",""
"1",""
"1","Replication 804/1000"
"1",""
"1",""
"1","Replication 805/1000"
"1",""
"1",""
"1","Replication 806/1000"
"1",""
"1",""
"1","Replication 807/1000"
"1",""
"1",""
"1","Replication 808/1000"
"1",""
"1",""
"1","Replication 809/1000"
"1",""
"1",""
"1","Replication 810/1000"
"1",""
"1",""
"1","Replication 811/1000"
"1",""
"1",""
"1","Replication 812/1000"
"1",""
"1",""
"1","Replication 813/1000"
"1",""
"1",""
"1","Replication 814/1000"
"1",""
"1",""
"1","Replication 815/1000"
"1",""
"1",""
"1","Replication 816/1000"
"1",""
"1",""
"1","Replication 817/1000"
"1",""
"1",""
"1","Replication 818/1000"
"1",""
"1",""
"1","Replication 819/1000"
"1",""
"1",""
"1","Replication 820/1000"
"1",""
"1",""
"1","Replication 821/1000"
"1",""
"1",""
"1","Replication 822/1000"
"1",""
"1",""
"1","Replication 823/1000"
"1",""
"1",""
"1","Replication 824/1000"
"1",""
"1",""
"1","Replication 825/1000"
"1",""
"1",""
"1","Replication 826/1000"
"1",""
"1",""
"1","Replication 827/1000"
"1",""
"1",""
"1","Replication 828/1000"
"1",""
"1",""
"1","Replication 829/1000"
"1",""
"1",""
"1","Replication 830/1000"
"1",""
"1",""
"1","Replication 831/1000"
"1",""
"1",""
"1","Replication 832/1000"
"1",""
"1",""
"1","Replication 833/1000"
"1",""
"1",""
"1","Replication 834/1000"
"1",""
"1",""
"1","Replication 835/1000"
"1",""
"1",""
"1","Replication 836/1000"
"1",""
"1",""
"1","Replication 837/1000"
"1",""
"1",""
"1","Replication 838/1000"
"1",""
"1",""
"1","Replication 839/1000"
"1",""
"1",""
"1","Replication 840/1000"
"1",""
"1",""
"1","Replication 841/1000"
"1",""
"1",""
"1","Replication 842/1000"
"1",""
"1",""
"1","Replication 843/1000"
"1",""
"1",""
"1","Replication 844/1000"
"1",""
"1",""
"1","Replication 845/1000"
"1",""
"1",""
"1","Replication 846/1000"
"1",""
"1",""
"1","Replication 847/1000"
"1",""
"1",""
"1","Replication 848/1000"
"1",""
"1",""
"1","Replication 849/1000"
"1",""
"1",""
"1","Replication 850/1000"
"1",""
"1",""
"1","Replication 851/1000"
"1",""
"1",""
"1","Replication 852/1000"
"1",""
"1",""
"1","Replication 853/1000"
"1",""
"1",""
"1","Replication 854/1000"
"1",""
"1",""
"1","Replication 855/1000"
"1",""
"1",""
"1","Replication 856/1000"
"1",""
"1",""
"1","Replication 857/1000"
"1",""
"1",""
"1","Replication 858/1000"
"1",""
"1",""
"1","Replication 859/1000"
"1",""
"1",""
"1","Replication 860/1000"
"1",""
"1",""
"1","Replication 861/1000"
"1",""
"1",""
"1","Replication 862/1000"
"1",""
"1",""
"1","Replication 863/1000"
"1",""
"1",""
"1","Replication 864/1000"
"1",""
"1",""
"1","Replication 865/1000"
"1",""
"1",""
"1","Replication 866/1000"
"1",""
"1",""
"1","Replication 867/1000"
"1",""
"1",""
"1","Replication 868/1000"
"1",""
"1",""
"1","Replication 869/1000"
"1",""
"1",""
"1","Replication 870/1000"
"1",""
"1",""
"1","Replication 871/1000"
"1",""
"1",""
"1","Replication 872/1000"
"1",""
"1",""
"1","Replication 873/1000"
"1",""
"1",""
"1","Replication 874/1000"
"1",""
"1",""
"1","Replication 875/1000"
"1",""
"1",""
"1","Replication 876/1000"
"1",""
"1",""
"1","Replication 877/1000"
"1",""
"1",""
"1","Replication 878/1000"
"1",""
"1",""
"1","Replication 879/1000"
"1",""
"1",""
"1","Replication 880/1000"
"1",""
"1",""
"1","Replication 881/1000"
"1",""
"1",""
"1","Replication 882/1000"
"1",""
"1",""
"1","Replication 883/1000"
"1",""
"1",""
"1","Replication 884/1000"
"1",""
"1",""
"1","Replication 885/1000"
"1",""
"1",""
"1","Replication 886/1000"
"1",""
"1",""
"1","Replication 887/1000"
"1",""
"1",""
"1","Replication 888/1000"
"1",""
"1",""
"1","Replication 889/1000"
"1",""
"1",""
"1","Replication 890/1000"
"1",""
"1",""
"1","Replication 891/1000"
"1",""
"1",""
"1","Replication 892/1000"
"1",""
"1",""
"1","Replication 893/1000"
"1",""
"1",""
"1","Replication 894/1000"
"1",""
"1",""
"1","Replication 895/1000"
"1",""
"1",""
"1","Replication 896/1000"
"1",""
"1",""
"1","Replication 897/1000"
"1",""
"1",""
"1","Replication 898/1000"
"1",""
"1",""
"1","Replication 899/1000"
"1",""
"1",""
"1","Replication 900/1000"
"1",""
"1",""
"1","Replication 901/1000"
"1",""
"1",""
"1","Replication 902/1000"
"1",""
"1",""
"1","Replication 903/1000"
"1",""
"1",""
"1","Replication 904/1000"
"1",""
"1",""
"1","Replication 905/1000"
"1",""
"1",""
"1","Replication 906/1000"
"1",""
"1",""
"1","Replication 907/1000"
"1",""
"1",""
"1","Replication 908/1000"
"1",""
"1",""
"1","Replication 909/1000"
"1",""
"1",""
"1","Replication 910/1000"
"1",""
"1",""
"1","Replication 911/1000"
"1",""
"1",""
"1","Replication 912/1000"
"1",""
"1",""
"1","Replication 913/1000"
"1",""
"1",""
"1","Replication 914/1000"
"1",""
"1",""
"1","Replication 915/1000"
"1",""
"1",""
"1","Replication 916/1000"
"1",""
"1",""
"1","Replication 917/1000"
"1",""
"1",""
"1","Replication 918/1000"
"1",""
"1",""
"1","Replication 919/1000"
"1",""
"1",""
"1","Replication 920/1000"
"1",""
"1",""
"1","Replication 921/1000"
"1",""
"1",""
"1","Replication 922/1000"
"1",""
"1",""
"1","Replication 923/1000"
"1",""
"1",""
"1","Replication 924/1000"
"1",""
"1",""
"1","Replication 925/1000"
"1",""
"1",""
"1","Replication 926/1000"
"1",""
"1",""
"1","Replication 927/1000"
"1",""
"1",""
"1","Replication 928/1000"
"1",""
"1",""
"1","Replication 929/1000"
"1",""
"1",""
"1","Replication 930/1000"
"1",""
"1",""
"1","Replication 931/1000"
"1",""
"1",""
"1","Replication 932/1000"
"1",""
"1",""
"1","Replication 933/1000"
"1",""
"1",""
"1","Replication 934/1000"
"1",""
"1",""
"1","Replication 935/1000"
"1",""
"1",""
"1","Replication 936/1000"
"1",""
"1",""
"1","Replication 937/1000"
"1",""
"1",""
"1","Replication 938/1000"
"1",""
"1",""
"1","Replication 939/1000"
"1",""
"1",""
"1","Replication 940/1000"
"1",""
"1",""
"1","Replication 941/1000"
"1",""
"1",""
"1","Replication 942/1000"
"1",""
"1",""
"1","Replication 943/1000"
"1",""
"1",""
"1","Replication 944/1000"
"1",""
"1",""
"1","Replication 945/1000"
"1",""
"1",""
"1","Replication 946/1000"
"1",""
"1",""
"1","Replication 947/1000"
"1",""
"1",""
"1","Replication 948/1000"
"1",""
"1",""
"1","Replication 949/1000"
"1",""
"1",""
"1","Replication 950/1000"
"1",""
"1",""
"1","Replication 951/1000"
"1",""
"1",""
"1","Replication 952/1000"
"1",""
"1",""
"1","Replication 953/1000"
"1",""
"1",""
"1","Replication 954/1000"
"1",""
"1",""
"1","Replication 955/1000"
"1",""
"1",""
"1","Replication 956/1000"
"1",""
"1",""
"1","Replication 957/1000"
"1",""
"1",""
"1","Replication 958/1000"
"1",""
"1",""
"1","Replication 959/1000"
"1",""
"1",""
"1","Replication 960/1000"
"1",""
"1",""
"1","Replication 961/1000"
"1",""
"1",""
"1","Replication 962/1000"
"1",""
"1",""
"1","Replication 963/1000"
"1",""
"1",""
"1","Replication 964/1000"
"1",""
"1",""
"1","Replication 965/1000"
"1",""
"1",""
"1","Replication 966/1000"
"1",""
"1",""
"1","Replication 967/1000"
"1",""
"1",""
"1","Replication 968/1000"
"1",""
"1",""
"1","Replication 969/1000"
"1",""
"1",""
"1","Replication 970/1000"
"1",""
"1",""
"1","Replication 971/1000"
"1",""
"1",""
"1","Replication 972/1000"
"1",""
"1",""
"1","Replication 973/1000"
"1",""
"1",""
"1","Replication 974/1000"
"1",""
"1",""
"1","Replication 975/1000"
"1",""
"1",""
"1","Replication 976/1000"
"1",""
"1",""
"1","Replication 977/1000"
"1",""
"1",""
"1","Replication 978/1000"
"1",""
"1",""
"1","Replication 979/1000"
"1",""
"1",""
"1","Replication 980/1000"
"1",""
"1",""
"1","Replication 981/1000"
"1",""
"1",""
"1","Replication 982/1000"
"1",""
"1",""
"1","Replication 983/1000"
"1",""
"1",""
"1","Replication 984/1000"
"1",""
"1",""
"1","Replication 985/1000"
"1",""
"1",""
"1","Replication 986/1000"
"1",""
"1",""
"1","Replication 987/1000"
"1",""
"1",""
"1","Replication 988/1000"
"1",""
"1",""
"1","Replication 989/1000"
"1",""
"1",""
"1","Replication 990/1000"
"1",""
"1",""
"1","Replication 991/1000"
"1",""
"1",""
"1","Replication 992/1000"
"1",""
"1",""
"1","Replication 993/1000"
"1",""
"1",""
"1","Replication 994/1000"
"1",""
"1",""
"1","Replication 995/1000"
"1",""
"1",""
"1","Replication 996/1000"
"1",""
"1",""
"1","Replication 997/1000"
"1",""
"1",""
"1","Replication 998/1000"
"1",""
"1",""
"1","Replication 999/1000"
"1",""
"1",""
"1","Replication 1000/1000"
"1",""
"1",""
"0","set.seed(36895189)"
"0","g_nonorth = ggplot(data.frame(theta_rescaled=(theta_nonorth - alpha)/se_nonorth)) +"
"0","                geom_histogram(aes(y=after_stat(density), x=theta_rescaled, colour = ""Non-orthogonal ML"", fill=""Non-orthogonal ML""),"
"0","                            bins = 30, alpha = 0.3) +"
"0","                geom_vline(aes(xintercept = 0), col = ""black"") +"
"0","                suppressWarnings(geom_function(fun = dnorm, aes(colour = ""N(0, 1)"", fill=""N(0, 1)""))) +"
"0","                scale_color_manual(name='',"
"0","                    breaks=c(""Non-orthogonal ML"", ""N(0, 1)""),"
"0","                    values=c(""Non-orthogonal ML""=""dark blue"", ""N(0, 1)""='black')) +"
"0","                scale_fill_manual(name='',"
"0","                    breaks=c(""Non-orthogonal ML"", ""N(0, 1)""),"
"0","                    values=c(""Non-orthogonal ML""=""dark blue"", ""N(0, 1)""=NA)) +"
"0","                xlim(c(-6.0, 6.0)) + xlab("""") + ylab("""") + theme_minimal()"
"0",""
"0","g_nonorth"
"0",""
